文件名称,cplex求解结果,文献最优解,文献最优解状态,cplexGap,cplex耗时,
OR5x100-0.25_1.dat,24381,24381,Optimal,9.999245593818418E-4,4,
OR5x100-0.25_2.dat,24274,24274,Optimal,9.985494959255288E-4,1,
